anchor,index_station_next,next_station_name,dist_accum,height,stagger
M147-23,11,逸盛路站,1.5,4099,274
M147-22,11,逸盛路站,8.69,4101,236
M147-21,11,逸盛路站,17.04,4100,191
M147-20,11,逸盛路站,25.5,4099,143
M147-19,11,逸盛路站,33.5,4101,99
M147-18,11,逸盛路站,41.5,4099,41
M147-17,11,逸盛路站,49,4100,-1
M147-16,11,逸盛路站,56.84,4100,-44
M147-15,11,逸盛路站,65,4100,-92
M147-14,11,逸盛路站,73.5,4098,-147
M147-13,11,逸盛路站,81.5,4099,-188
M147-12,11,逸盛路站,89.5,4100,-233
M147-11,11,逸盛路站,97.5,4100,-274
M147-10,11,逸盛路站,105.5,4101,-236
M147-09,11,逸盛路站,113.5,4100,-184
M147-08,11,逸盛路站,121.5,4100,-139
M147-07,11,逸盛路站,129.5,4101,-99
M147-06,11,逸盛路站,137.5,4102,-51
M147-05,11,逸盛路站,145.5,4100,0
M147-04,11,逸盛路站,153.5,4101,49
M147-03,11,逸盛路站,161.5,4099,93
M145-28,11,逸盛路站,166.9,4103,-166
M147-02,11,逸盛路站,167.9,4101,135
M145-27,11,逸盛路站,168.9,4100,-125
M147-01,11,逸盛路站,169.9,4105,164
M145-26,11,逸盛路站,173.9,4100,-96
M145-25,11,逸盛路站,180.15,4101,-48
M145-24,11,逸盛路站,186.15,4100,-3
M145-23,11,逸盛路站,192.15,4101,45
M145-22,11,逸盛路站,198.4,4099,95
M145-21,11,逸盛路站,205.9,4099,153
M145-20,11,逸盛路站,213.9,4098,216
M145-19,11,逸盛路站,221.9,4100,277
M145-18,11,逸盛路站,229.9,4100,223
M145-17,11,逸盛路站,237.9,4101,165
M145-16,11,逸盛路站,245.9,4099,115
M145-15,11,逸盛路站,253.9,4098,58
M145-14,11,逸盛路站,261.9,4100,-2
M145-13,11,逸盛路站,269.9,4100,-49
M145-12,11,逸盛路站,277.9,4100,-113
M145-11,11,逸盛路站,285.9,4099,-168
M145-10,11,逸盛路站,293.9,4099,-228
M145-09,11,逸盛路站,301.9,4099,-274
M145-08,11,逸盛路站,309.9,4099,-221
M145-07,11,逸盛路站,317.9,4101,-158
M145-06,11,逸盛路站,325.9,4100,-101
M145-05,11,逸盛路站,333.9,4100,-37
M145-04,11,逸盛路站,341.9,4101,23
M145-03,11,逸盛路站,349.9,4101,85
M143-17,11,金德路-逸盛路,355.3,4103,-160
M145-02,11,逸盛路站,356.3,4102,147
M143-16,11,金德路-逸盛路,357.3,4099,-148
M145-01,11,逸盛路站,358.3,4103,158
M143-15,11,金德路-逸盛路,362.5,4098,-130
M143-14,11,金德路-逸盛路,368.5,4098,-110
M143-13,11,金德路-逸盛路,374.5,4098,-97
M143-12,11,金德路-逸盛路,382.5,4099,-74
M143-11,11,金德路-逸盛路,390.5,4098,-48
M143-10,11,金德路-逸盛路,398.5,4099,-27
M143-09,11,金德路-逸盛路,406.5,4098,0
M143-08,11,金德路-逸盛路,414.5,4099,16
M143-07,11,金德路-逸盛路,422.5,4099,42
M143-06,11,金德路-逸盛路,430.5,4100,70
M143-05,11,金德路-逸盛路,437.5,4099,86
M143-04,11,金德路-逸盛路,444.5,4100,111
M143-03,11,金德路-逸盛路,450.5,4099,115
M141-33,11,金德路-逸盛路,455.5,4105,-156
M143-02,11,金德路-逸盛路,456.5,4098,149
M141-32,11,金德路-逸盛路,457.5,4098,-134
M143-01,11,金德路-逸盛路,458.5,4104,165
M141-31,11,金德路-逸盛路,463.5,4101,-98
M141-30,11,金德路-逸盛路,470.5,4099,-60
M141-29,11,金德路-逸盛路,478.5,4100,-9
M141-28,11,金德路-逸盛路,486.5,4100,41
M141-27,11,金德路-逸盛路,494.5,4100,81
M141-26,11,金德路-逸盛路,502.5,4100,138
M141-25,11,金德路-逸盛路,510.5,4099,180
M141-24,11,金德路-逸盛路,518.5,4100,228
M141-23,11,金德路-逸盛路,526.5,4099,281
M141-22,11,金德路-逸盛路,534.5,4100,239
M141-21,11,金德路-逸盛路,542.5,4101,186
M141-20,11,金德路-逸盛路,550.5,4100,148
M141-19,11,金德路-逸盛路,558.5,4100,90
M141-18,11,金德路-逸盛路,566.5,4099,52
M141-17,11,金德路-逸盛路,574.5,4100,4
M141-16,11,金德路-逸盛路,582.5,4100,-42
M141-15,11,金德路-逸盛路,590.5,4099,-85
M141-14,11,金德路-逸盛路,598.5,4100,-139
M141-13,11,金德路-逸盛路,606.5,4102,-185
M141-12,11,金德路-逸盛路,614.5,4101,-229
M141-11,11,金德路-逸盛路,622.5,4100,-278
M141-10,11,金德路-逸盛路,630.5,4100,-239
M141-09,11,金德路-逸盛路,638.5,4100,-183
M141-08,11,金德路-逸盛路,646.5,4100,-136
M141-07,11,金德路-逸盛路,654.5,4100,-83
M141-06,11,金德路-逸盛路,662.5,4100,-41
M141-05,11,金德路-逸盛路,670.5,4101,54
M141-04,11,金德路-逸盛路,678.5,4101,55
M141-03,11,金德路-逸盛路,686.5,4102,102
M139-33,11,金德路-逸盛路,691.9,4106,-158
M141-02,11,金德路-逸盛路,692.9,4101,134
M139-32,11,金德路-逸盛路,693.9,4101,-136
M141-01,11,金德路-逸盛路,694.9,4106,157
M139-31,11,金德路-逸盛路,699.9,4100,100
M139-30,11,金德路-逸盛路,706.9,4101,-54
M139-29,11,金德路-逸盛路,714.9,4102,-8
M139-28,11,金德路-逸盛路,722.9,4100,37
M139-27,11,金德路-逸盛路,730.9,4100,79
M139-26,11,金德路-逸盛路,738.9,4102,131
M139-25,11,金德路-逸盛路,746.9,4101,180
M139-24,11,金德路-逸盛路,754.9,4100,233
M139-23,11,金德路-逸盛路,762.9,4101,277
M139-22,11,金德路-逸盛路,770.9,4102,230
M139-21,11,金德路-逸盛路,778.9,4101,186
M139-20,11,金德路-逸盛路,786.9,4100,142
M139-19,11,金德路-逸盛路,794.9,4100,88
M139-18,11,金德路-逸盛路,802.9,4100,41
M139-17,11,金德路-逸盛路,810.9,4100,0
M139-16,11,金德路-逸盛路,818.9,4099,-49
M139-15,11,金德路-逸盛路,826.9,4101,-93
M139-14,11,金德路-逸盛路,834.9,4100,-140
M139-13,11,金德路-逸盛路,842.9,4100,-185
M139-12,11,金德路-逸盛路,850.9,4099,-232
M139-11,11,金德路-逸盛路,858.9,4100,-276
M139-10,11,金德路-逸盛路,866.9,4100,-232
M139-09,11,金德路-逸盛路,874.9,4100,-192
M139-08,11,金德路-逸盛路,882.9,4099,-139
M139-07,11,金德路-逸盛路,890.9,4100,-88
M139-06,11,金德路-逸盛路,898.9,4101,-41
M139-05,11,金德路-逸盛路,906.9,4100,0
M139-04,11,金德路-逸盛路,914.9,4102,58
M139-03,11,金德路-逸盛路,922.9,4099,92
M137-33,11,金德路-逸盛路,928.3,4106,-162
M139-02,11,金德路-逸盛路,929.3,4101,154
M137-32,11,金德路-逸盛路,930.3,4100,-129
M139-01,11,金德路-逸盛路,931.3,4105,157
M137-31,11,金德路-逸盛路,936.3,4099,-160
M137-30,11,金德路-逸盛路,943.3,4100,-60
M137-29,11,金德路-逸盛路,951.3,4101,-15
M137-28,11,金德路-逸盛路,959.3,4102,30
M137-27,11,金德路-逸盛路,967.3,4101,91
M137-26,11,金德路-逸盛路,975.3,4100,136
M137-25,11,金德路-逸盛路,983.3,4101,183
M137-24,11,金德路-逸盛路,991.3,4101,230
M137-23,11,金德路-逸盛路,999.3,4102,278
M137-22,11,金德路-逸盛路,1007.3,4102,232
M137-21,11,金德路-逸盛路,1015.3,4102,185
M137-20,11,金德路-逸盛路,1023.3,4101,142
M137-19,11,金德路-逸盛路,1031.3,4101,80
M137-18,11,金德路-逸盛路,1039.3,4101,44
M137-17,11,金德路-逸盛路,1047.3,4102,-2
M137-16,11,金德路-逸盛路,1055.3,4101,-43
M137-15,11,金德路-逸盛路,1063.3,4101,-100
M137-14,11,金德路-逸盛路,1071.3,4099,-134
M137-13,11,金德路-逸盛路,1079.3,4100,-182
M137-12,11,金德路-逸盛路,1087.3,4100,-232
M137-11,11,金德路-逸盛路,1095.3,4101,-277
M137-10,11,金德路-逸盛路,1103.3,4099,-235
M137-09,11,金德路-逸盛路,1111.3,4100,-189
M137-08,11,金德路-逸盛路,1119.3,4101,-140
M137-07,11,金德路-逸盛路,1127.3,4101,-92
M137-06,11,金德路-逸盛路,1135.3,4100,-44
M137-05,11,金德路-逸盛路,1143.3,4100,3
M137-04,11,金德路-逸盛路,1151.3,4101,52
M137-03,11,金德路-逸盛路,1159.3,4099,96
M135-34,11,金德路-逸盛路,1164.7,4104,-157
M137-02,11,金德路-逸盛路,1165.7,4100,153
M135-33,11,金德路-逸盛路,1166.7,4099,-129
M137-01,11,金德路-逸盛路,1167.7,4105,167
M135-32,11,金德路-逸盛路,1172.7,4100,-107
M135-31,11,金德路-逸盛路,1179.7,4100,-64
M135-30,11,金德路-逸盛路,1187.7,4100,-12
M135-29,11,金德路-逸盛路,1195.7,4100,34
M135-28,11,金德路-逸盛路,1203.7,4101,91
M135-27,11,金德路-逸盛路,1211.7,4101,132
M135-26,11,金德路-逸盛路,1219.7,4101,176
M135-25,11,金德路-逸盛路,1227.7,4102,230
M135-24,11,金德路-逸盛路,1235.7,4100,274
M135-23,11,金德路-逸盛路,1243.7,4100,231
M135-22,11,金德路-逸盛路,1251.7,4101,183
M135-21,11,金德路-逸盛路,1259.7,4101,139
M135-20,11,金德路-逸盛路,1267.7,4101,91
M135-19,11,金德路-逸盛路,1275.7,4100,43
M135-18,11,金德路-逸盛路,1283.7,4100,-6
M135-17,11,金德路-逸盛路,1291.7,4099,-53
M135-16,11,金德路-逸盛路,1299.7,4099,-99
M135-15,11,金德路-逸盛路,1307.7,4099,-141
M135-14,11,金德路-逸盛路,1315.7,4099,-190
M135-13,11,金德路-逸盛路,1323.7,4099,-238
M135-12,11,金德路-逸盛路,1331.7,4098,-274
M135-11,11,金德路-逸盛路,1339.7,4098,-237
M135-10,11,金德路-逸盛路,1347.7,4098,-185
M135-09,11,金德路-逸盛路,1355.7,4099,-143
M135-08,11,金德路-逸盛路,1363.7,4100,-90
M135-07,11,金德路-逸盛路,1371.1,4102,-48
M135-06,11,金德路-逸盛路,1378.1,4100,-1
M135-05,11,金德路-逸盛路,1385.1,4100,34
M135-04,11,金德路-逸盛路,1391.1,4101,67
M135-03,11,金德路-逸盛路,1397.1,4102,109
M133-27,11,金德路站,1401.1,4105,-147
M135-02,11,金德路-逸盛路,1402.1,4101,153
M133-26,11,金德路站,1403.1,4101,-120
M135-01,11,金德路-逸盛路,1404.1,4105,161
M133-25,11,金德路站,1409.1,4099,-84
M133-24,11,金德路站,1416.1,4100,-28
M133-23,11,金德路站,1424.1,4100,34
M133-22,11,金德路站,1432.1,4100,90
M133-21,11,金德路站,1440.1,4101,154
M133-20,11,金德路站,1448.1,4102,215
M133-19,11,金德路站,1456.1,4100,277
M133-18,11,金德路站,1464.1,4102,223
M133-17,11,金德路站,1471.6,4100,173
M133-16,11,金德路站,1480.1,4101,114
M133-15,11,金德路站,1488.1,4100,59
M133-14,11,金德路站,1496.1,4101,3
M133-13,11,金德路站,1503.85,4102,-49
M133-12,11,金德路站,1512.1,4100,-114
M133-11,11,金德路站,1520.1,4102,-166
M133-10,11,金德路站,1527.65,4100,-253
M133-09,11,金德路站,1536.1,4100,-270
M133-08,11,金德路站,1544.1,4100,-226
M133-07,11,金德路站,1552.1,4100,-157
M133-06,10,金德路站,5.25,4100,-98
M133-05,10,金德路站,13.55,4100,-40
M133-04,10,金德路站,21.55,4101,24
M133-03,10,金德路站,29.55,4100,87
M131-09,10,杭行路-金德路,34.95,4106,-151
M133-02,10,金德路站,35.95,4102,133
M131-08,10,杭行路-金德路,36.95,4102,-140
M133-01,10,金德路站,37.95,4104,141
M131-07,10,杭行路-金德路,43.45,4101,-66
M131-06,10,杭行路-金德路,50.25,4101,-23
M131-05,10,杭行路-金德路,57.25,4103,-5
M131-04,10,杭行路-金德路,63.25,4103,78
M131-03,10,杭行路-金德路,68.25,4101,125
M129-33,10,杭行路-金德路,72.15,4105,-149
M131-02,10,杭行路-金德路,73.15,4103,-159
M129-32,10,杭行路-金德路,74.15,4102,-116
M131-01,10,杭行路-金德路,75.15,4105,182
M129-31,10,杭行路-金德路,80.15,4100,-79
M129-30,10,杭行路-金德路,87.15,4102,-37
M129-29,10,杭行路-金德路,95.15,4101,12
M129-28,10,杭行路-金德路,103.15,4101,63
M129-27,10,杭行路-金德路,111.15,4102,105
M129-26,10,杭行路-金德路,119.15,4102,155
M129-25,10,杭行路-金德路,127.15,4102,204
M129-24,10,杭行路-金德路,135.15,4101,252
M129-23,10,杭行路-金德路,143.15,4103,-301
M129-22,10,杭行路-金德路,151.15,4101,-251
M129-21,10,杭行路-金德路,159.15,4101,-208
M129-20,10,杭行路-金德路,167.15,4100,-163
M129-19,10,杭行路-金德路,175.15,4100,-114
M129-18,10,杭行路-金德路,183.15,4103,-66
M129-17,10,杭行路-金德路,191.15,4102,-18
M129-16,10,杭行路-金德路,199.15,4102,-23
M129-15,10,杭行路-金德路,207.15,4101,-74
M129-14,10,杭行路-金德路,215.15,4101,-119
M129-13,10,杭行路-金德路,223.15,4103,-163
M129-12,10,杭行路-金德路,231.15,4103,-214
M129-11,10,杭行路-金德路,239.15,4102,-256
M129-10,10,杭行路-金德路,247.15,4101,-212
M129-09,10,杭行路-金德路,255.15,4101,-179
M129-08,10,杭行路-金德路,263.15,4101,-119
M129-07,10,杭行路-金德路,271.15,4103,-70
M129-06,10,杭行路-金德路,279.15,4103,-22
M129-05,10,杭行路-金德路,287.15,4103,27
M129-04,10,杭行路-金德路,295.15,4102,74
M129-03,10,杭行路-金德路,303.15,4101,121
M127-33,10,杭行路-金德路,308.55,4106,-149
M129-02,10,杭行路-金德路,309.55,4102,166
M127-32,10,杭行路-金德路,310.55,4101,-120
M129-01,10,杭行路-金德路,311.55,4105,187
M127-31,10,杭行路-金德路,316.55,4102,-92
M127-30,10,杭行路-金德路,323.55,4101,-64
M127-29,10,杭行路-金德路,331.55,4103,-22
M127-28,10,杭行路-金德路,339.55,4102,29
M127-27,10,杭行路-金德路,347.55,4101,76
M127-26,10,杭行路-金德路,355.55,4101,128
M127-25,10,杭行路-金德路,363.55,4101,181
M127-24,10,杭行路-金德路,371.55,4100,223
M127-23,10,杭行路-金德路,379.55,4102,273
M127-22,10,杭行路-金德路,387.55,4102,227
M127-21,10,杭行路-金德路,395.55,4101,183
M127-20,10,杭行路-金德路,403.55,4100,134
M127-19,10,杭行路-金德路,411.55,4101,93
M127-18,10,杭行路-金德路,419.55,4102,69
M127-17,10,杭行路-金德路,427.55,4103,20
M127-16,10,杭行路-金德路,435.55,4103,-24
M127-15,10,杭行路-金德路,443.55,4101,-68
M127-14,10,杭行路-金德路,451.55,4103,-121
M127-13,10,杭行路-金德路,459.55,4103,-168
M127-12,10,杭行路-金德路,467.55,4103,-212
M127-11,10,杭行路-金德路,475.55,4102,-254
M127-10,10,杭行路-金德路,483.55,4103,-215
M127-09,10,杭行路-金德路,491.55,4103,-167
M127-08,10,杭行路-金德路,499.55,4103,-115
M127-07,10,杭行路-金德路,507.55,4102,-70
M127-06,10,杭行路-金德路,515.55,4103,-25
M127-05,10,杭行路-金德路,523.55,4103,27
M127-04,10,杭行路-金德路,531.55,4103,72
M127-03,10,杭行路-金德路,539.55,4103,122
M125-33,10,杭行路-金德路,544.95,4106,-154
M127-02,10,杭行路-金德路,545.95,4103,166
M125-32,10,杭行路-金德路,546.95,4103,-117
M127-01,10,杭行路-金德路,547.95,4106,175
M125-31,10,杭行路-金德路,552.95,4101,-82
M125-30,10,杭行路-金德路,559.95,4102,-43
M125-29,10,杭行路-金德路,567.95,4102,10
M125-28,10,杭行路-金德路,575.95,4101,57
M125-27,10,杭行路-金德路,583.95,4101,107
M125-26,10,杭行路-金德路,591.95,4102,154
M125-25,10,杭行路-金德路,599.95,4103,204
M125-24,10,杭行路-金德路,607.95,4101,253
M125-23,10,杭行路-金德路,615.95,4102,301
M125-22,10,杭行路-金德路,623.95,4103,251
M125-21,10,杭行路-金德路,631.95,4102,208
M125-20,10,杭行路-金德路,639.95,4102,160
M125-19,10,杭行路-金德路,647.95,4101,118
M125-18,10,杭行路-金德路,655.95,4102,64
M125-17,10,杭行路-金德路,663.95,4102,17
M125-16,10,杭行路-金德路,671.95,4102,-33
M125-15,10,杭行路-金德路,679.95,4102,-77
M125-14,10,杭行路-金德路,687.95,4102,-121
M125-13,10,杭行路-金德路,695.95,4103,-162
M125-12,10,杭行路-金德路,703.95,4103,-213
M125-11,10,杭行路-金德路,711.95,4103,-255
M125-10,10,杭行路-金德路,719.95,4102,-216
M125-09,10,杭行路-金德路,727.95,4102,-161
M125-08,10,杭行路-金德路,735.95,4101,-115
M125-07,10,杭行路-金德路,743.95,4101,-70
M125-06,10,杭行路-金德路,751.95,4103,-21
M125-05,10,杭行路-金德路,759.95,4102,27
M125-04,10,杭行路-金德路,767.95,4101,75
M125-03,10,杭行路-金德路,775.95,4102,105
M123-33,10,杭行路,781.35,4105,-187
M125-02,10,杭行路-金德路,782.35,4102,162
M123-32,10,杭行路,783.35,4101,-147
M125-01,10,杭行路-金德路,784.35,4105,186
M123-31,10,杭行路,789.35,4100,-123
M123-30,10,杭行路,796.35,4102,-71
M123-29,10,杭行路,804.35,4101,-34
M123-28,10,杭行路,812.35,4103,8
M123-27,10,杭行路,820.35,4102,60
M123-26,10,杭行路,828.35,4100,106
M123-25,10,杭行路,836.35,4102,142
M123-24,10,杭行路,844.35,4101,190
M123-23,10,杭行路,852.35,4101,243
M123-22,10,杭行路,860.35,4102,209
M123-21,10,杭行路,868.35,4100,174
M123-20,10,杭行路,876.35,4101,141
M123-19,10,杭行路,884.35,4102,106
M123-18,10,杭行路,892.35,4101,74
M123-17,10,杭行路,900.35,4102,36
M123-16,10,杭行路,908.35,4102,18
M123-15,10,杭行路,916.35,4101,-10
M123-14,10,杭行路,924.35,4102,-64
M123-13,10,杭行路,932.35,4103,-93
M123-12,10,杭行路,940.35,4102,-130
M123-11,10,杭行路,948.35,4102,-173
M123-10,10,杭行路,956.35,4102,-128
M123-09,10,杭行路,964.85,4101,-92
M123-08,10,杭行路,973.35,4103,-48
M123-07,10,杭行路,980.35,4103,-25
M123-06,10,杭行路,988.35,4102,7
M123-05,10,杭行路,996.35,4103,39
M123-04,10,杭行路,1004.35,4103,56
M123-03,10,杭行路,1012.35,4101,104
M121-33,10,杭行路,1017.75,4106,-176
M123-02,10,杭行路,1018.75,4101,127
M121-32,10,杭行路,1019.75,4101,-150
M123-01,10,杭行路,1020.75,4106,157
M121-31,10,杭行路,1025.75,4101,-110
M121-30,10,杭行路,1032.75,4101,-70
M121-29,10,杭行路,1040.75,4102,-34
M121-28,10,杭行路,1048.75,4101,28
M121-27,10,杭行路,1056.75,4101,74
M121-26,10,杭行路,1064.75,4101,156
M121-25,10,杭行路,1072.75,4101,170
M121-24,10,杭行路,1080.75,4103,225
M121-23,10,杭行路,1088.75,4102,269
M121-22,10,杭行路,1096.75,4102,217
M121-21,10,杭行路,1104.75,4101,181
M121-20,10,杭行路,1112.75,4101,131
M121-19,10,杭行路,1121.25,4100,77
M121-18,10,杭行路,1129.4,4102,35
M121-17,10,杭行路,1137.75,4102,-16
M121-16,10,杭行路,1145.75,4100,-60
M121-15,10,杭行路,1154.05,4099,-115
M121-14,10,杭行路,1161.55,4101,-146
M121-13,10,杭行路,1169.55,4100,-198
M121-12,10,杭行路,1177.55,4101,-257
M121-11,10,杭行路,1185.05,4099,-294
M121-10,10,杭行路,1193.05,4100,-262
M121-09,10,杭行路,1201.45,4102,-194
M121-08,10,杭行路,1209.45,4100,-147
M121-07,10,杭行路,1207.45,4101,-95
M121-06,9,杭行路,5,4102,-47
M121-05,9,杭行路,13,4101,-1
M121-04,9,杭行路,21,4101,48
M121-03,9,杭行路,28,4102,92
M119-12,9,祥园路-杭行路,33.4,4105,-101
M121-02,9,杭行路,34.4,4101,132
M119-11,9,祥园路-杭行路,35.4,4101,-152
M121-01,9,杭行路,36.4,4105,147
M119-10,9,祥园路-杭行路,40.4,4102,-123
M119-09,9,祥园路-杭行路,45.9,4102,-97
M119-08,9,祥园路-杭行路,52.4,4101,-67
M119-07,9,祥园路-杭行路,58.4,4102,-37
M119-06,9,祥园路-杭行路,65.23,4100,-1
M119-05,9,祥园路-杭行路,73.23,4100,28
M119-04,9,祥园路-杭行路,80.23,4102,73
M119-03,9,祥园路-杭行路,87.23,4102,102
M117-33,9,祥园路-杭行路,92.23,4105,-195
M119-02,9,祥园路-杭行路,93.23,4101,132
M117-32,9,祥园路-杭行路,94.23,4100,-153
M119-01,9,祥园路-杭行路,95.23,4106,138
M117-31,9,祥园路-杭行路,100.23,4101,-108
M117-30,9,祥园路-杭行路,107.23,4100,-67
M117-29,9,祥园路-杭行路,115.23,4100,-23
M117-28,9,祥园路-杭行路,123.23,4100,38
M117-27,9,祥园路-杭行路,131.23,4100,78
M117-26,9,祥园路-杭行路,139.23,4101,118
M117-25,9,祥园路-杭行路,147.23,4100,178
M117-24,9,祥园路-杭行路,155.23,4100,222
M117-23,9,祥园路-杭行路,163.23,4101,274
M117-22,9,祥园路-杭行路,171.23,4102,207
M117-21,9,祥园路-杭行路,179.23,4099,179
M117-20,9,祥园路-杭行路,187.23,4098,131
M117-19,9,祥园路-杭行路,195.23,4100,84
M117-18,9,祥园路-杭行路,203.23,4099,42
M117-17,9,祥园路-杭行路,211.23,4101,-12
M117-16,9,祥园路-杭行路,219.23,4102,-55
M117-15,9,祥园路-杭行路,227.23,4099,-102
M117-14,9,祥园路-杭行路,235.23,4099,-163
M117-13,9,祥园路-杭行路,243.23,4099,-194
M117-12,9,祥园路-杭行路,251.23,4099,-273
M117-11,9,祥园路-杭行路,259.23,4100,-289
M117-10,9,祥园路-杭行路,267.23,4099,-240
M117-09,9,祥园路-杭行路,275.23,4101,-189
M117-08,9,祥园路-杭行路,283.23,4099,-144
M117-07,9,祥园路-杭行路,291.23,4100,-101
M117-06,9,祥园路-杭行路,299.23,4101,-56
M117-05,9,祥园路-杭行路,307.23,4100,-2
M117-04,9,祥园路-杭行路,315.23,4102,47
M117-03,9,祥园路-杭行路,323.23,4102,78
M115-33,9,祥园路-杭行路,328.63,4104,-170
M117-02,9,祥园路-杭行路,329.63,4101,137
M115-32,9,祥园路-杭行路,330.63,4102,-146
M117-01,9,祥园路-杭行路,331.63,4106,141
M115-31,9,祥园路-杭行路,336.63,4099,-125
M115-30,9,祥园路-杭行路,343.63,4100,-63
M115-29,9,祥园路-杭行路,351.63,4099,-16
M115-28,9,祥园路-杭行路,359.63,4099,37
M115-27,9,祥园路-杭行路,367.63,4100,71
M115-26,9,祥园路-杭行路,375.63,4100,162
M115-25,9,祥园路-杭行路,383.63,4101,168
M115-24,9,祥园路-杭行路,391.63,4102,222
M115-23,9,祥园路-杭行路,399.63,4101,270
M115-22,9,祥园路-杭行路,407.63,4102,226
M115-21,9,祥园路-杭行路,415.63,4101,164
M115-20,9,祥园路-杭行路,423.63,4102,125
M115-19,9,祥园路-杭行路,431.63,4100,78
M115-18,9,祥园路-杭行路,439.63,4099,38
M115-17,9,祥园路-杭行路,447.63,4101,-9
M115-16,9,祥园路-杭行路,455.63,4100,-56
M115-15,9,祥园路-杭行路,463.63,4099,-115
M115-14,9,祥园路-杭行路,471.63,4100,-149
M115-13,9,祥园路-杭行路,479.63,4101,-193
M115-12,9,祥园路-杭行路,487.63,4100,-209
M115-11,9,祥园路-杭行路,495.63,4100,-291
M115-10,9,祥园路-杭行路,503.63,4100,-239
M115-09,9,祥园路-杭行路,511.63,4100,-214
M115-08,9,祥园路-杭行路,519.63,4102,-144
M115-07,9,祥园路-杭行路,527.63,4101,-96
M115-06,9,祥园路-杭行路,535.63,4102,-45
M115-05,9,祥园路-杭行路,543.63,4102,0
M115-04,9,祥园路-杭行路,551.63,4102,31
M115-03,9,祥园路-杭行路,559.63,4101,93
M113-33,9,祥园路-杭行路,565.03,4105,-168
M115-02,9,祥园路-杭行路,566.03,4102,133
M113-32,9,祥园路-杭行路,567.03,4102,-145
M115-01,9,祥园路-杭行路,568.03,4105,168
M113-31,9,祥园路-杭行路,573.03,4102,-109
M113-30,9,祥园路-杭行路,580.03,4100,-78
M113-29,9,祥园路-杭行路,588.03,4102,-23
M113-28,9,祥园路-杭行路,596.03,4101,15
M113-27,9,祥园路-杭行路,604.03,4102,64
M113-26,9,祥园路-杭行路,612.03,4102,132
M113-25,9,祥园路-杭行路,620.03,4101,173
M113-24,9,祥园路-杭行路,628.03,4102,227
M113-23,9,祥园路-杭行路,636.03,4102,275
M113-22,9,祥园路-杭行路,644.03,4102,229
M113-21,9,祥园路-杭行路,652.03,4103,169
M113-20,9,祥园路-杭行路,660.03,4100,124
M113-19,9,祥园路-杭行路,668.03,4102,76
M113-18,9,祥园路-杭行路,676.03,4101,38
M113-17,9,祥园路-杭行路,684.03,4100,-9
M113-16,9,祥园路-杭行路,692.03,4101,-61
M113-15,9,祥园路-杭行路,700.03,4101,-104
M113-14,9,祥园路-杭行路,708.03,4101,-151
M113-13,9,祥园路-杭行路,716.03,4102,-209
M113-12,9,祥园路-杭行路,724.03,4100,-243
M113-11,9,祥园路-杭行路,732.03,4100,-290
M113-10,9,祥园路-杭行路,740.03,4101,-237
M113-09,9,祥园路-杭行路,748.03,4100,-192
M113-08,9,祥园路-杭行路,756.03,4101,-162
M113-07,9,祥园路-杭行路,764.03,4102,-101
M113-06,9,祥园路-杭行路,772.03,4101,-49
M113-05,9,祥园路-杭行路,780.03,4101,-15
M113-04,9,祥园路-杭行路,788.03,4102,45
M113-03,9,祥园路-杭行路,796.03,4102,93
M111-33,9,祥园路-杭行路,801.43,4105,-172
M113-02,9,祥园路-杭行路,802.43,4101,130
M111-32,9,祥园路-杭行路,803.43,4100,-148
M113-01,9,祥园路-杭行路,804.43,4106,162
M111-31,9,祥园路-杭行路,809.43,4100,-125
M111-30,9,祥园路-杭行路,816.43,4101,-81
M111-29,9,祥园路-杭行路,824.43,4102,-32
M111-28,9,祥园路-杭行路,832.43,4101,30
M111-27,9,祥园路-杭行路,840.43,4100,74
M111-26,9,祥园路-杭行路,848.43,4102,111
M111-25,9,祥园路-杭行路,856.43,4101,170
M111-24,9,祥园路-杭行路,864.43,4102,204
M111-23,9,祥园路-杭行路,872.43,4102,272
M111-22,9,祥园路-杭行路,880.43,4102,227
M111-21,9,祥园路-杭行路,888.43,4102,179
M111-20,9,祥园路-杭行路,896.43,4102,129
M111-19,9,祥园路-杭行路,904.43,4102,82
M111-18,9,祥园路-杭行路,912.43,4100,33
M111-17,9,祥园路-杭行路,920.43,4101,-7
M111-16,9,祥园路-杭行路,928.43,4102,-53
M111-15,9,祥园路-杭行路,936.43,4100,-97
M111-14,9,祥园路-杭行路,944.43,4101,-144
M111-13,9,祥园路-杭行路,952.43,4101,-209
M111-12,9,祥园路-杭行路,960.43,4100,-288
M111-11,9,祥园路-杭行路,968.43,4101,-284
M111-10,9,祥园路-杭行路,976.43,4102,-241
M111-09,9,祥园路-杭行路,984.43,4101,-191
M111-08,9,祥园路-杭行路,992.43,4102,-145
M111-07,9,祥园路-杭行路,1000.43,4101,-112
M111-06,9,祥园路-杭行路,1008.43,4102,-48
M111-05,9,祥园路-杭行路,1016.43,4101,1
M111-04,9,祥园路-杭行路,1024.43,4101,43
M111-03,9,祥园路-杭行路,1032.43,4101,79
M109-33,9,祥园路-杭行路,1037.83,4105,-192
M111-02,9,祥园路-杭行路,1038.83,4101,121
M109-32,9,祥园路-杭行路,1039.83,4103,-148
M111-01,9,祥园路-杭行路,1040.83,4104,143
M109-31,9,祥园路-杭行路,1045.83,4103,-110
M109-30,9,祥园路-杭行路,1052.83,4102,-77
M109-29,9,祥园路-杭行路,1060.83,4100,-18
M109-28,9,祥园路-杭行路,1068.83,4101,20
M109-27,9,祥园路-杭行路,1076.83,4102,64
M109-26,9,祥园路-杭行路,1084.83,4100,122
M109-25,9,祥园路-杭行路,1092.83,4101,177
M109-24,9,祥园路-杭行路,1100.83,4102,225
M109-23,9,祥园路-杭行路,1108.83,4102,257
M109-22,9,祥园路-杭行路,1116.83,4102,227
M109-21,9,祥园路-杭行路,1124.83,4102,178
M109-20,9,祥园路-杭行路,1132.83,4101,130
M109-19,9,祥园路-杭行路,1140.83,4102,81
M109-18,9,祥园路-杭行路,1148.83,4102,36
M109-17,9,祥园路-杭行路,1156.83,4102,-23
M109-16,9,祥园路-杭行路,1164.83,4100,-69
M109-15,9,祥园路-杭行路,1172.83,4102,-95
M109-14,9,祥园路-杭行路,1180.83,4102,-143
M109-13,9,祥园路-杭行路,1188.83,4101,-209
M109-12,9,祥园路-杭行路,1196.83,4100,-297
M109-11,9,祥园路-杭行路,1204.83,4100,-303
M109-10,9,祥园路-杭行路,1212.83,4101,-246
M109-09,9,祥园路-杭行路,1220.83,4101,-186
M109-08,9,祥园路-杭行路,1228.83,4101,-149
M109-07,9,祥园路-杭行路,1236.83,4101,-102
M109-06,9,祥园路-杭行路,1244.83,4101,-46
M109-05,9,祥园路-杭行路,1252.83,4102,-4
M109-04,9,祥园路-杭行路,1260.83,4101,47
M109-03,9,祥园路-杭行路,1268.83,4103,92
M107-33,9,祥园路-杭行路,1274.23,4104,-178
M109-02,9,祥园路-杭行路,1275.23,4100,131
M107-32,9,祥园路-杭行路,1276.23,4101,-144
M109-01,9,祥园路-杭行路,1277.23,4105,147
M107-31,9,祥园路-杭行路,1282.23,4100,-120
M107-30,9,祥园路-杭行路,1289.23,4101,-52
M107-29,9,祥园路-杭行路,1297.23,4101,-19
M107-28,9,祥园路-杭行路,1305.23,4101,15
M107-27,9,祥园路-杭行路,1313.23,4101,79
M107-26,9,祥园路-杭行路,1321.23,4101,111
M107-25,9,祥园路-杭行路,1329.23,4102,176
M107-24,9,祥园路-杭行路,1337.23,4102,205
M107-23,9,祥园路-杭行路,1345.23,4102,269
M107-22,9,祥园路-杭行路,1353.23,4101,219
M107-21,9,祥园路-杭行路,1361.23,4101,179
M107-20,9,祥园路-杭行路,1369.23,4101,133
M107-19,9,祥园路-杭行路,1377.23,4102,70
M107-18,9,祥园路-杭行路,1385.23,4101,39
M107-17,9,祥园路-杭行路,1393.23,4102,-18
M107-16,9,祥园路-杭行路,1401.23,4102,-47
M107-15,9,祥园路-杭行路,1409.23,4101,-117
M107-14,9,祥园路-杭行路,1417.23,4102,-147
M107-13,9,祥园路-杭行路,1425.23,4102,-191
M107-12,9,祥园路-杭行路,1433.23,4101,-238
M107-11,9,祥园路-杭行路,1441.23,4101,-283
M107-10,9,祥园路-杭行路,1449.23,4101,-233
M107-09,9,祥园路-杭行路,1457.23,4101,-187
M107-08,9,祥园路-杭行路,1465.23,4101,-158
M107-07,9,祥园路-杭行路,1473.23,4099,-107
M107-06,9,祥园路-杭行路,1481.23,4100,-61
M107-05,9,祥园路-杭行路,1489.23,4102,-21
M107-04,9,祥园路-杭行路,1497.23,4101,48
M107-03,9,祥园路-杭行路,1505.23,4101,91
M105-33,9,祥园路-杭行路,1510.63,4106,-170
M107-02,9,祥园路-杭行路,1511.63,4101,130
M105-32,9,祥园路-杭行路,1512.63,4098,-150
M107-01,9,祥园路-杭行路,1513.63,4105,190
M105-31,9,祥园路-杭行路,1518.63,4101,-123
M105-30,9,祥园路-杭行路,1525.63,4100,-72
M105-29,9,祥园路-杭行路,1533.63,4100,-27
M105-28,9,祥园路-杭行路,1541.63,4101,34
M105-27,9,祥园路-杭行路,1549.63,4100,80
M105-26,9,祥园路-杭行路,1557.63,4101,131
M105-25,9,祥园路-杭行路,1565.63,4101,178
M105-24,9,祥园路-杭行路,1573.63,4102,211
M105-23,9,祥园路-杭行路,1581.63,4102,268
M105-22,9,祥园路-杭行路,1589.63,4101,227
M105-21,9,祥园路-杭行路,1597.63,4100,167
M105-20,9,祥园路-杭行路,1605.63,4101,120
M105-19,9,祥园路-杭行路,1613.63,4103,86
M105-18,9,祥园路-杭行路,1621.63,4100,27
M105-17,9,祥园路-杭行路,1629.63,4102,-67
M105-16,9,祥园路-杭行路,1637.63,4102,-66
M105-15,9,祥园路-杭行路,1645.63,4100,-97
M105-14,9,祥园路-杭行路,1653.63,4102,-160
M105-13,9,祥园路-杭行路,1661.63,4101,-194
M105-12,9,祥园路-杭行路,1669.63,4102,-236
M105-11,9,祥园路-杭行路,1677.63,4102,-281
M105-10,9,祥园路-杭行路,1685.63,4102,-237
M105-09,9,祥园路-杭行路,1693.63,4101,-193
M105-08,9,祥园路-杭行路,1701.63,4102,-156
M105-07,9,祥园路-杭行路,1709.63,4102,-96
M105-06,9,祥园路-杭行路,1717.63,4102,-48
M105-05,9,祥园路-杭行路,1725.63,4101,1
M105-04,9,祥园路-杭行路,1733.63,4101,47
M105-03,9,祥园路-杭行路,1741.63,4101,93
M103-27,9,祥园路站,1747.03,4105,-162
M105-02,9,祥园路-杭行路,1748.03,4102,142
M103-26,9,祥园路站,1749.03,4101,-138
M105-01,9,祥园路-杭行路,1750.03,4106,163
M103-25,9,祥园路站,1755.03,4101,-81
M103-24,9,祥园路站,1762.03,4102,-31
M103-23,9,祥园路站,1770.03,4102,28
M103-22,9,祥园路站,1778.03,4101,97
M103-21,9,祥园路站,1786.03,4101,144
M103-20,9,祥园路站,1794.03,4100,216
M103-19,9,祥园路站,1802.03,4102,286
M103-18,9,祥园路站,1810.03,4101,220
M103-17,9,祥园路站,1818.03,4101,171
M103-16,9,祥园路站,1825.83,4102,116
M103-15,9,祥园路站,1834.03,4101,64
M103-14,9,祥园路站,1842.03,4100,0
M103-13,9,祥园路站,1850.13,4101,-53
M103-12,9,祥园路站,1858.23,4099,-112
M103-11,9,祥园路站,1866.03,4101,-175
M103-10,9,祥园路站,1874.03,4100,-220
M103-09,9,祥园路站,1882.03,4099,-278
M103-08,9,祥园路站,1890.03,4101,-240
M103-07,8,祥园路站,4.03,4100,-90
M103-06,8,祥园路站,8.4,4101,-90
M103-05,8,祥园路站,16,4101,-26
M103-04,8,祥园路站,24,4098,36
M103-03,8,祥园路站,32,4100,83
M101-27,8,渡架桥-祥园路,37.4,4106,-150
M103-02,8,祥园路站,38.4,4101,143
M101-26,8,渡架桥-祥园路,39.4,4101,-124
M103-01,8,祥园路站,40.4,4106,152
M101-25,8,渡架桥-祥园路,45.4,4100,-67
M101-24,8,渡架桥-祥园路,51.4,4100,-19
M101-23,8,渡架桥-祥园路,58.4,4099,50
M101-22,8,渡架桥-祥园路,66.79,4101,137
M101-21,8,渡架桥-祥园路,74.79,4102,213
M101-20,8,渡架桥-祥园路,82.79,4101,289
M101-19,8,渡架桥-祥园路,90.79,4101,241
M101-18,8,渡架桥-祥园路,98.79,4099,191
M101-17,8,渡架桥-祥园路,106.79,4100,143
M101-16,8,渡架桥-祥园路,114.79,4099,88
M101-15,8,渡架桥-祥园路,122.79,4098,59
M101-14,8,渡架桥-祥园路,130.79,4100,8
M101-13,8,渡架桥-祥园路,138.79,4099,-39
M101-12,8,渡架桥-祥园路,146.79,4098,-86
M101-11,8,渡架桥-祥园路,154.79,4100,-132
M101-10,8,渡架桥-祥园路,162.79,4099,-178
M101-09,8,渡架桥-祥园路,170.79,4100,-234
M101-08,8,渡架桥-祥园路,178.79,4099,-289
M101-07,8,渡架桥-祥园路,186.79,4099,-203
M101-06,8,渡架桥-祥园路,194.79,4100,-139
M101-05,8,渡架桥-祥园路,202.79,4098,-45
M101-04,8,渡架桥-祥园路,209.79,4099,17
M101-03,8,渡架桥-祥园路,216.79,4099,54
M099-18,8,渡架桥-祥园路,221.79,4106,-145
M101-02,8,渡架桥-祥园路,222.79,4101,137
M099-17,8,渡架桥-祥园路,223.79,4100,-143
M101-01,8,渡架桥-祥园路,224.79,4107,155
M099-16,8,渡架桥-祥园路,229.79,4099,-89
M099-15,8,渡架桥-祥园路,236.79,4099,-41
M099-14,8,渡架桥-祥园路,244.79,4099,13
M099-13,8,渡架桥-祥园路,252.79,4099,65
M099-12,8,渡架桥-祥园路,260.79,4101,124
M099-11,8,渡架桥-祥园路,268.79,4099,179
M099-10,8,渡架桥-祥园路,276.79,4101,230
M099-09,8,渡架桥-祥园路,284.79,4100,283
M099-08,8,渡架桥-祥园路,292.79,4100,223
M099-07,8,渡架桥-祥园路,300.79,4101,161
M099-06,8,渡架桥-祥园路,308.79,4101,99
M099-05,8,渡架桥-祥园路,316.79,4100,44
M099-04,8,渡架桥-祥园路,324.79,4100,-21
M099-03,8,渡架桥-祥园路,332.79,4100,-78
M097-33,8,渡架桥-祥园路,338.19,4105,156
M099-02,8,渡架桥-祥园路,339.19,4101,-133
M097-32,8,渡架桥-祥园路,340.19,4099,147
M099-01,8,渡架桥-祥园路,341.19,4105,-142
M097-31,8,渡架桥-祥园路,346.19,4100,110
M097-30,8,渡架桥-祥园路,353.19,4101,64
M097-29,8,渡架桥-祥园路,361.19,4100,17
M097-28,8,渡架桥-祥园路,369.19,4101,-27
M097-27,8,渡架桥-祥园路,377.19,4101,-78
M097-26,8,渡架桥-祥园路,385.19,4099,-137
M097-25,8,渡架桥-祥园路,393.19,4099,-174
M097-24,8,渡架桥-祥园路,401.19,4099,-224
M097-23,8,渡架桥-祥园路,409.19,4101,-269
M097-22,8,渡架桥-祥园路,417.19,4101,-251
M097-21,8,渡架桥-祥园路,425.19,4101,-177
M097-20,8,渡架桥-祥园路,433.19,4101,-135
M097-19,8,渡架桥-祥园路,441.19,4100,-86
M097-18,8,渡架桥-祥园路,449.19,4102,-34
M097-17,8,渡架桥-祥园路,457.19,4102,3
M097-16,8,渡架桥-祥园路,465.19,4100,52
M097-15,8,渡架桥-祥园路,473.19,4101,92
M097-14,8,渡架桥-祥园路,481.19,4100,136
M097-13,8,渡架桥-祥园路,489.19,4101,196
M097-12,8,渡架桥-祥园路,497.19,4100,244
M097-11,8,渡架桥-祥园路,505.19,4100,279
M097-10,8,渡架桥-祥园路,513.19,4101,234
M097-09,8,渡架桥-祥园路,521.19,4101,193
M097-08,8,渡架桥-祥园路,529.19,4100,145
M097-07,8,渡架桥-祥园路,537.19,4100,94
M097-06,8,渡架桥-祥园路,545.19,4101,54
M097-05,8,渡架桥-祥园路,553.19,4100,-1
M097-04,8,渡架桥-祥园路,561.19,4099,-49
M097-03,8,渡架桥-祥园路,569.19,4100,-94
M095-33,8,渡架桥-祥园路,574.59,4106,159
M097-02,8,渡架桥-祥园路,575.59,4102,-133
M095-32,8,渡架桥-祥园路,576.59,4101,144
M097-01,8,渡架桥-祥园路,577.59,4106,-134
M095-31,8,渡架桥-祥园路,582.59,4100,109
M095-30,8,渡架桥-祥园路,589.59,4100,67
M095-29,8,渡架桥-祥园路,597.59,4099,-6
M095-28,8,渡架桥-祥园路,605.59,4101,-33
M095-27,8,渡架桥-祥园路,613.59,4100,-78
M095-26,8,渡架桥-祥园路,621.59,4099,-130
M095-25,8,渡架桥-祥园路,629.59,4099,-177
M095-24,8,渡架桥-祥园路,637.59,4099,-225
M095-23,8,渡架桥-祥园路,645.59,4101,-272
M095-22,8,渡架桥-祥园路,653.59,4101,-222
M095-21,8,渡架桥-祥园路,661.59,4100,-180
M095-20,8,渡架桥-祥园路,669.59,4100,-133
M095-19,8,渡架桥-祥园路,677.59,4100,-86
M095-18,8,渡架桥-祥园路,685.59,4100,-38
M095-17,8,渡架桥-祥园路,693.59,4100,4
M095-16,8,渡架桥-祥园路,701.59,4100,54
M095-15,8,渡架桥-祥园路,709.59,4101,100
M095-14,8,渡架桥-祥园路,717.59,4100,145
M095-13,8,渡架桥-祥园路,725.59,4099,191
M095-12,8,渡架桥-祥园路,733.59,4099,242
M095-11,8,渡架桥-祥园路,741.59,4098,289
M095-10,8,渡架桥-祥园路,749.59,4099,241
M095-09,8,渡架桥-祥园路,757.59,4103,193
M095-08,8,渡架桥-祥园路,765.59,4099,146
M095-07,8,渡架桥-祥园路,773.59,4099,90
M095-06,8,渡架桥-祥园路,781.59,4099,44
M095-05,8,渡架桥-祥园路,789.59,4099,0
M095-04,8,渡架桥-祥园路,797.59,4101,-48
M095-03,8,渡架桥-祥园路,805.59,4099,-101
M093-33,8,渡架桥-祥园路,810.99,4107,152
M095-02,8,渡架桥-祥园路,811.99,4099,-134
M093-32,8,渡架桥-祥园路,812.99,4100,136
M095-01,8,渡架桥-祥园路,813.99,4106,-144
M093-31,8,渡架桥-祥园路,818.99,4098,102
M093-30,8,渡架桥-祥园路,825.99,4098,68
M093-29,8,渡架桥-祥园路,833.99,4098,14
M093-28,8,渡架桥-祥园路,841.99,4098,-45
M093-27,8,渡架桥-祥园路,849.99,4099,-84
M093-26,8,渡架桥-祥园路,857.99,4099,-129
M093-25,8,渡架桥-祥园路,865.99,4101,-175
M093-24,8,渡架桥-祥园路,873.99,4100,-227
M093-23,8,渡架桥-祥园路,881.99,4099,-275
M093-22,8,渡架桥-祥园路,889.99,4098,-229
M093-21,8,渡架桥-祥园路,897.99,4098,-179
M093-20,8,渡架桥-祥园路,905.99,4099,-135
M093-19,8,渡架桥-祥园路,913.99,4100,-89
M093-18,8,渡架桥-祥园路,921.99,4099,-42
M093-17,8,渡架桥-祥园路,929.99,4101,3
M093-16,8,渡架桥-祥园路,937.99,4103,58
M093-15,8,渡架桥-祥园路,945.99,4100,97
M093-14,8,渡架桥-祥园路,953.99,4099,146
M093-13,8,渡架桥-祥园路,961.99,4100,193
M093-12,8,渡架桥-祥园路,969.99,4099,238
M093-11,8,渡架桥-祥园路,977.99,4099,287
M093-10,8,渡架桥-祥园路,985.99,4099,237
M093-09,8,渡架桥-祥园路,993.99,4098,198
M093-08,8,渡架桥-祥园路,1001.99,4100,144
M093-07,8,渡架桥-祥园路,1009.99,4099,98
M093-06,8,渡架桥-祥园路,1017.99,4099,47
M093-05,8,渡架桥-祥园路,1025.99,4100,12
M093-04,8,渡架桥-祥园路,1033.99,4101,-46
M093-03,8,渡架桥-祥园路,1041.99,4100,-93
M091-33,8,渡架桥-祥园路,1047.39,4105,155
M093-02,8,渡架桥-祥园路,1048.39,4100,-132
M091-32,8,渡架桥-祥园路,1049.39,4100,141
M093-01,8,渡架桥-祥园路,1050.39,4106,-149
M091-31,8,渡架桥-祥园路,1055.39,4099,110
M091-30,8,渡架桥-祥园路,1062.39,4098,61
M091-29,8,渡架桥-祥园路,1070.39,4100,23
M091-28,8,渡架桥-祥园路,1078.39,4098,-30
M091-27,8,渡架桥-祥园路,1086.39,4099,-81
M091-26,8,渡架桥-祥园路,1094.39,4100,-128
M091-25,8,渡架桥-祥园路,1102.39,4100,-174
M091-24,8,渡架桥-祥园路,1110.39,4100,-234
M091-23,8,渡架桥-祥园路,1118.39,4101,-278
M091-22,8,渡架桥-祥园路,1126.39,4100,-236
M091-21,8,渡架桥-祥园路,1134.39,4099,-185
M091-20,8,渡架桥-祥园路,1142.39,4100,-132
M091-19,8,渡架桥-祥园路,1150.39,4101,-93
M091-18,8,渡架桥-祥园路,1158.39,4101,-54
M091-17,8,渡架桥-祥园路,1166.39,4100,5
M091-16,8,渡架桥-祥园路,1174.39,4100,52
M091-15,8,渡架桥-祥园路,1182.39,4100,87
M091-14,8,渡架桥-祥园路,1190.39,4101,140
M091-13,8,渡架桥-祥园路,1198.39,4100,195
M091-12,8,渡架桥-祥园路,1206.39,4099,240
M091-11,8,渡架桥-祥园路,1214.39,4100,282
M091-10,8,渡架桥-祥园路,1222.39,4101,234
M091-09,8,渡架桥-祥园路,1230.39,4100,188
M091-08,8,渡架桥-祥园路,1238.39,4100,142
M091-07,8,渡架桥-祥园路,1246.39,4101,94
M091-06,8,渡架桥-祥园路,1254.39,4101,47
M091-05,8,渡架桥-祥园路,1262.39,4100,-1
M091-04,8,渡架桥-祥园路,1270.39,4102,-44
M091-03,8,渡架桥-祥园路,1278.39,4101,-94
M089-29,8,渡架桥站,1283.79,4105,152
M091-02,8,渡架桥-祥园路,1284.79,4101,-143
M089-28,8,渡架桥站,1285.79,4102,136
M091-01,8,渡架桥-祥园路,1286.79,4106,-146
M089-27,8,渡架桥站,1292.59,4099,89
M089-26,8,渡架桥站,1300.39,4101,17
M089-25,8,渡架桥站,1307.39,4101,-40
M089-24,8,渡架桥站,1314.29,4101,-93
M089-23,8,渡架桥站,1321.29,4102,-154
M089-22,8,渡架桥站,1329.29,4102,-216
M089-21,8,渡架桥站,1337.79,4101,-276
M089-20,8,渡架桥站,1345.79,4102,-253
M089-19,8,渡架桥站,1353.79,4101,-193
M089-18,8,渡架桥站,1361.79,4101,-162
M089-17,8,渡架桥站,1368.99,4101,-117
M089-16,8,渡架桥站,1376.49,4102,-74
M089-15,8,渡架桥站,1384.49,4101,-25
M089-14,8,渡架桥站,1391.49,4100,55
M089-13,8,渡架桥站,1398.79,4102,47
M089-12,8,渡架桥站,1406.79,4100,106
M089-11,7,渡架桥站,7.5,4101,141
M089-10,7,渡架桥站,15.5,4102,189
M089-09,7,渡架桥站,23.5,4099,233
M089-08,7,渡架桥站,31,4103,256
M089-07,7,渡架桥站,39,4102,203
M089-06,7,渡架桥站,47,4101,127
M089-05,7,渡架桥站,55,4101,56
M089-04,7,渡架桥站,62,4101,-12
M089-03,7,渡架桥站,69,4101,-75
M087-07,7,渡架桥站,74.4,4105,102
M089-02,7,渡架桥站,75.4,4101,-138
M087-06,7,渡架桥站,76.4,4098,87
M089-01,7,渡架桥站,77.4,4106,-163
M087-05,7,渡架桥站,81.4,4103,93
M087-04,7,渡架桥站,87.4,4100,96
M087-03,7,渡架桥站,91.8,4102,101
M085-33,7,花园岗-渡架桥,94.8,4106,-160
M087-02,7,渡架桥站,95.8,4102,95
M085-32,7,花园岗-渡架桥,96.8,4102,-120
M087-01,7,渡架桥站,97.8,4105,99
M085-31,7,花园岗-渡架桥,102.8,4103,-95
M085-30,7,花园岗-渡架桥,108.8,4101,-54
M085-29,7,花园岗-渡架桥,114.8,4103,2
M085-28,7,花园岗-渡架桥,120.95,4102,46
M085-27,7,花园岗-渡架桥,127.95,4102,94
M085-26,7,花园岗-渡架桥,135.95,4103,171
M085-25,7,花园岗-渡架桥,143.95,4102,231
M085-24,7,花园岗-渡架桥,151.95,4103,258
M085-23,7,花园岗-渡架桥,159.95,4102,218
M085-22,7,花园岗-渡架桥,167.95,4103,181
M085-21,7,花园岗-渡架桥,175.95,4103,140
M085-20,7,花园岗-渡架桥,183.95,4102,107
M085-19,7,花园岗-渡架桥,191.95,4103,70
M085-18,7,花园岗-渡架桥,199.95,4102,26
M085-17,7,花园岗-渡架桥,207.95,4103,-3
M085-16,7,花园岗-渡架桥,215.95,4102,-44
M085-15,7,花园岗-渡架桥,223.95,4102,-90
M085-14,7,花园岗-渡架桥,231.95,4100,-123
M085-13,7,花园岗-渡架桥,239.95,4100,-157
M085-12,7,花园岗-渡架桥,247.95,4101,-202
M085-11,7,花园岗-渡架桥,255.95,4100,-243
M085-10,7,花园岗-渡架桥,263.95,4101,-276
M085-09,7,花园岗-渡架桥,271.95,4101,-255
M085-08,7,花园岗-渡架桥,279.95,4101,-198
M085-07,7,花园岗-渡架桥,287.95,4101,-135
M085-06,7,花园岗-渡架桥,295.95,4100,-70
M085-05,7,花园岗-渡架桥,302.95,4100,-21
M085-04,7,花园岗-渡架桥,309.95,4102,35
M085-03,7,花园岗-渡架桥,315.95,4102,76
M083-33,7,花园岗-渡架桥,320.95,4106,-163
M085-02,7,花园岗-渡架桥,321.95,4102,124
M083-32,7,花园岗-渡架桥,322.95,4101,-146
M085-01,7,花园岗-渡架桥,323.95,4106,141
M083-31,7,花园岗-渡架桥,328.95,4102,-108
M083-30,7,花园岗-渡架桥,335.95,4101,-69
M083-29,7,花园岗-渡架桥,343.95,4101,-13
M083-28,7,花园岗-渡架桥,351.95,4102,30
M083-27,7,花园岗-渡架桥,359.95,4103,75
M083-26,7,花园岗-渡架桥,367.95,4102,121
M083-25,7,花园岗-渡架桥,375.95,4103,175
M083-24,7,花园岗-渡架桥,383.95,4102,217
M083-23,7,花园岗-渡架桥,391.95,4101,278
M083-22,7,花园岗-渡架桥,399.95,4101,227
M083-21,7,花园岗-渡架桥,407.95,4102,175
M083-20,7,花园岗-渡架桥,415.95,4102,130
M083-19,7,花园岗-渡架桥,423.95,4103,88
M083-18,7,花园岗-渡架桥,431.95,4101,38
M083-17,7,花园岗-渡架桥,439.95,4100,1
M083-16,7,花园岗-渡架桥,447.95,4100,-50
M083-15,7,花园岗-渡架桥,455.95,4100,-101
M083-14,7,花园岗-渡架桥,463.95,4100,-155
M083-13,7,花园岗-渡架桥,471.95,4101,-198
M083-12,7,花园岗-渡架桥,479.95,4099,-243
M083-11,7,花园岗-渡架桥,487.95,4101,-282
M083-10,7,花园岗-渡架桥,495.95,4101,-240
M083-09,7,花园岗-渡架桥,503.95,4101,-191
M083-08,7,花园岗-渡架桥,511.95,4099,-148
M083-07,7,花园岗-渡架桥,519.95,4099,-99
M083-06,7,花园岗-渡架桥,527.95,4099,-47
M083-05,7,花园岗-渡架桥,535.95,4099,-18
M083-04,7,花园岗-渡架桥,543.95,4101,40
M083-03,7,花园岗-渡架桥,551.95,4101,79
M081-33,7,花园岗-渡架桥,557.35,4105,-154
M083-02,7,花园岗-渡架桥,558.35,4103,141
M081-32,7,花园岗-渡架桥,559.35,4099,-145
M083-01,7,花园岗-渡架桥,560.35,4106,137
M081-31,7,花园岗-渡架桥,565.35,4102,-112
M081-30,7,花园岗-渡架桥,572.35,4103,-72
M081-29,7,花园岗-渡架桥,580.35,4102,-19
M081-28,7,花园岗-渡架桥,588.35,4102,26
M081-27,7,花园岗-渡架桥,596.35,4103,77
M081-26,7,花园岗-渡架桥,604.35,4101,124
M081-25,7,花园岗-渡架桥,612.35,4103,176
M081-24,7,花园岗-渡架桥,620.35,4103,218
M081-23,7,花园岗-渡架桥,628.35,4102,272
M081-22,7,花园岗-渡架桥,636.35,4100,228
M081-21,7,花园岗-渡架桥,644.35,4102,177
M081-20,7,花园岗-渡架桥,652.35,4103,132
M081-19,7,花园岗-渡架桥,660.35,4101,87
M081-18,7,花园岗-渡架桥,668.35,4100,40
M081-17,7,花园岗-渡架桥,676.35,4102,-7
M081-16,7,花园岗-渡架桥,684.35,4101,-58
M081-15,7,花园岗-渡架桥,692.35,4100,-97
M081-14,7,花园岗-渡架桥,700.35,4101,-145
M081-13,7,花园岗-渡架桥,708.35,4101,-198
M081-12,7,花园岗-渡架桥,716.35,4102,-240
M081-11,7,花园岗-渡架桥,724.35,4101,-282
M081-10,7,花园岗-渡架桥,732.35,4101,-243
M081-09,7,花园岗-渡架桥,740.35,4100,-191
M081-08,7,花园岗-渡架桥,748.35,4101,-146
M081-07,7,花园岗-渡架桥,756.35,4103,-103
M081-06,7,花园岗-渡架桥,764.35,4100,-56
M081-05,7,花园岗-渡架桥,772.35,4103,-4
M081-04,7,花园岗-渡架桥,780.35,4103,44
M081-03,7,花园岗-渡架桥,788.35,4103,89
M079-33,7,花园岗-渡架桥,793.75,4105,-158
M081-02,7,花园岗-渡架桥,794.75,4103,137
M079-32,7,花园岗-渡架桥,795.75,4101,-146
M081-01,7,花园岗-渡架桥,796.75,4105,146
M079-31,7,花园岗-渡架桥,801.75,4100,-107
M079-30,7,花园岗-渡架桥,808.75,4103,-65
M079-29,7,花园岗-渡架桥,816.75,4103,-19
M079-28,7,花园岗-渡架桥,824.75,4101,25
M079-27,7,花园岗-渡架桥,832.75,4102,84
M079-26,7,花园岗-渡架桥,840.75,4101,131
M079-25,7,花园岗-渡架桥,848.75,4102,172
M079-24,7,花园岗-渡架桥,856.75,4103,222
M079-23,7,花园岗-渡架桥,864.75,4103,260
M079-22,7,花园岗-渡架桥,872.75,4103,215
M079-21,7,花园岗-渡架桥,880.75,4101,181
M079-20,7,花园岗-渡架桥,888.75,4100,135
M079-19,7,花园岗-渡架桥,896.75,4102,82
M079-18,7,花园岗-渡架桥,904.75,4100,37
M079-17,7,花园岗-渡架桥,912.75,4100,-11
M079-16,7,花园岗-渡架桥,920.75,4099,-64
M079-15,7,花园岗-渡架桥,928.75,4101,-105
M079-14,7,花园岗-渡架桥,936.75,4099,-156
M079-13,7,花园岗-渡架桥,944.75,4100,-199
M079-12,7,花园岗-渡架桥,952.75,4101,-241
M079-11,7,花园岗-渡架桥,960.75,4100,-293
M079-10,7,花园岗-渡架桥,968.75,4100,-238
M079-09,7,花园岗-渡架桥,976.75,4102,-194
M079-08,7,花园岗-渡架桥,984.75,4101,-149
M079-07,7,花园岗-渡架桥,992.75,4100,-101
M079-06,7,花园岗-渡架桥,1000.75,4100,-54
M079-05,7,花园岗-渡架桥,1008.75,4102,0
M079-04,7,花园岗-渡架桥,1016.75,4102,46
M079-03,7,花园岗-渡架桥,1024.75,4101,89
M077-07,7,花园岗站,1030.15,4104,-183
M079-02,7,花园岗-渡架桥,1031.15,4101,136
M077-06,7,花园岗站,1032.15,4101,-173
M079-01,7,花园岗-渡架桥,1033.15,4103,152
M077-05,7,花园岗站,1036.15,4102,-132
M077-04,7,花园岗站,1042.15,4102,-111
M077-03,7,花园岗站,1047.55,4102,-106
M075-21,7,花园岗站,1050.55,4105,151
M077-02,7,花园岗站,1051.55,4100,-112
M075-20,7,花园岗站,1052.55,4102,127
M077-01,7,花园岗站,1053.55,4106,-111
M075-19,7,花园岗站,1058.95,4101,96
M075-18,7,花园岗站,1067.04,4100,42
M075-17,7,花园岗站,1075.54,4101,-9
M075-16,7,花园岗站,1083.6,4100,-55
M075-15,7,花园岗站,1091.2,4102,-101
M075-14,7,花园岗站,1099.84,4101,-152
M075-13,7,花园岗站,1106.84,4101,-199
M075-12,7,花园岗站,1114.9,4101,-245
M075-11,7,花园岗站,1123.34,4102,-292
M075-10,7,花园岗站,1131.34,4102,-243
M075-09,7,花园岗站,1138.7,4102,-195
M075-08,7,花园岗站,1146.34,4103,-154
M075-07,7,花园岗站,1154.34,4100,-104
M075-06,6,花园岗站,6.66,4098,-74
M075-05,6,花园岗站,15.21,4100,-6
M075-04,6,花园岗站,23.21,4102,45
M075-03,6,花园岗站,30.21,4102,84
M073-23,6,花园岗站,36.21,4106,-156
M075-02,6,花园岗站,37.21,4103,128
M073-22,6,花园岗站,38.21,4101,-134
M075-01,6,花园岗站,39.21,4106,139
M073-21,6,花园岗站,43.91,4102,-120
M073-20,6,花园岗站,49.91,4100,-92
M073-19,6,花园岗站,55.91,4101,-45
M073-18,6,花园岗站,63.21,4101,-1
M073-17,6,花园岗站,71.21,4102,39
M073-16,6,花园岗站,79.21,4102,87
M073-15,6,花园岗站,87.21,4100,135
M073-14,6,花园岗站,95.21,4101,178
M073-13,6,花园岗站,103.21,4103,222
M073-12,6,花园岗站,111.21,4103,263
M073-11,6,花园岗站,119.21,4102,225
M073-10,6,花园岗站,127.21,4103,181
M073-09,6,花园岗站,135.21,4102,137
M073-08,6,花园岗站,143.21,4101,94
M073-07,6,花园岗站,151.21,4102,50
M073-06,6,花园岗站,159.21,4100,12
M073-05,6,花园岗站,167.21,4102,-17
M073-04,6,花园岗站,175.21,4100,-72
M073-03,6,花园岗站,183.21,4101,-118
M071-24,6,花园岗站,188.61,4105,154
M073-02,6,花园岗站,189.61,4101,-149
M071-23,6,花园岗站,190.61,4102,133
M073-01,6,花园岗站,191.61,4106,-160
M071-22,6,花园岗站,196.61,4101,97
M071-21,6,花园岗站,202.61,4102,70
M071-20,6,花园岗站,210.28,4102,31
M071-19,6,花园岗站,218.28,4102,-11
M071-18,6,花园岗站,226.28,4101,-58
M071-17,6,花园岗站,234.28,4101,-93
M071-16,6,花园岗站,242.28,4101,-133
M071-15,6,花园岗站,250.28,4101,-174
M071-14,6,花园岗站,258.28,4102,-207
M071-13,6,花园岗站,266.28,4101,-251
M071-12,6,花园岗站,274.28,4102,-294
M071-11,6,花园岗站,282.28,4101,-249
M071-10,6,花园岗站,290.28,4101,-200
M071-09,6,花园岗站,298.28,4102,-152
M071-08,6,花园岗站,306.28,4102,-124
M071-07,6,花园岗站,314.28,4101,-79
M071-06,6,花园岗站,322.28,4101,-31
M071-05,6,花园岗站,330.28,4102,10
M071-04,6,花园岗站,338.28,4100,53
M071-03,6,花园岗站,346.28,4100,96
M069-30,6,花园岗站,351.68,4106,-157
M071-02,6,花园岗站,352.68,4102,127
M069-29,6,花园岗站,353.68,4101,-141
M071-01,6,花园岗站,354.68,4106,143
M069-28,6,花园岗站,359.68,4098,-105
M069-27,6,花园岗站,366.68,4100,-102
M069-26,6,花园岗站,373.68,4100,-90
M069-25,6,花园岗站,380.68,4101,-49
M069-24,6,花园岗站,388.68,4101,-21
M069-23,6,花园岗站,397.18,4102,53
M069-22,6,花园岗站,405.18,4103,47
M069-21,6,花园岗站,413.18,4099,77
M069-20,6,花园岗站,421.68,4099,119
M069-19,6,花园岗站,430.18,4100,153
M069-18,6,花园岗站,438.68,4101,172
M069-17,6,花园岗站,446.68,4100,206
M069-16,6,花园岗站,454.68,4101,241
M069-15,6,花园岗站,462.68,4101,268
M069-14,6,花园岗站,470.68,4102,240
M069-13,6,花园岗站,478.68,4103,210
M069-12,6,花园岗站,486.68,4102,176
M069-11,6,花园岗站,494.68,4100,144
M069-10,6,花园岗站,502.68,4101,105
M069-09,6,花园岗站,510.68,4102,74
M069-08,6,花园岗站,518.68,4100,39
M069-07,6,花园岗站,526.68,4102,6
M069-06,6,花园岗站,534.68,4101,-24
M069-05,6,花园岗站,542.68,4101,-56
M069-04,6,花园岗站,550.68,4101,-90
M069-03,6,花园岗站,558.68,4101,-110
M067-17,6,和睦站,564.68,4106,138
M069-02,6,花园岗站,565.68,4101,-141
M067-16,6,和睦站,566.68,4101,133
M069-01,6,花园岗站,567.68,4105,-161
M067-15,6,和睦站,572.68,4101,117
M067-14,6,和睦站,579.68,4102,100
M067-13,6,和睦站,587.24,4103,81
M067-12,6,和睦站,595.24,4100,57
M067-11,6,和睦站,603.24,4100,39
M067-10,6,和睦站,611.24,4102,16
M067-09,6,和睦站,619.24,4103,-7
M067-08,6,和睦站,627.24,4099,-33
M067-07,6,和睦站,635.24,4098,-51
M067-06,6,和睦站,643.24,4101,-71
M067-05,6,和睦站,651.24,4101,-100
M067-04,6,和睦站,659.24,4100,-114
M067-03,6,和睦站,666.24,4102,-133
M065-23,6,和睦站,671.24,4104,142
M067-02,6,和睦站,672.24,4101,-152
M065-22,6,和睦站,673.24,4102,140
M067-01,6,和睦站,674.24,4106,-163
M065-21,6,和睦站,679.24,4101,92
M065-20,6,和睦站,685.24,4101,60
M065-19,6,和睦站,691.24,4102,38
M065-18,6,和睦站,698.24,4100,-10
M065-17,6,和睦站,706.24,4101,-56
M065-16,6,和睦站,714.24,4101,-101
M065-15,6,和睦站,722.24,4101,-144
M065-14,6,和睦站,730.24,4101,-196
M065-13,6,和睦站,738.24,4102,-244
M065-12,6,和睦站,746.24,4100,-285
M065-11,6,和睦站,754.24,4100,-246
M065-10,6,和睦站,762.24,4102,-202
M065-09,6,和睦站,770.24,4102,-158
M065-08,6,和睦站,778.24,4102,-122
M065-07,6,和睦站,786.24,4102,-80
M065-06,6,和睦站,794.24,4101,-36
M065-05,6,和睦站,802.24,4101,11
M065-04,6,和睦站,810.24,4101,50
M065-03,6,和睦站,818.24,4100,92
M063-12,6,和睦站,823.64,4105,-161
M065-02,6,和睦站,824.64,4102,128
M063-11,6,和睦站,825.64,4102,-154
M065-01,6,和睦站,826.64,4107,139
M063-10,6,和睦站,832.5,4101,-97
M063-09,6,和睦站,840.5,4099,-99
M063-08,6,和睦站,848.5,4105,-70
M063-07,6,和睦站,856.5,4101,-16
M063-06,6,和睦站,863.64,4102,15
M063-05,6,和睦站,871.64,4101,29
M063-04,6,和睦站,879.64,4098,79
M063-03,6,和睦站,886.64,4101,101
M061-33,6,和睦站,892.04,4106,-156
M063-02,6,和睦站,893.04,4101,134
M061-32,6,和睦站,894.04,4100,-149
M063-01,6,和睦站,895.04,4105,149
M061-31,6,和睦站,900.04,4101,-113
M061-30,6,和睦站,907.04,4101,-65
M061-29,6,和睦站,915.04,4100,-14
M061-28,6,和睦站,923.04,4099,31
M061-27,6,和睦站,931.04,4101,73
M061-26,6,和睦站,939.46,4101,149
M061-25,6,和睦站,947.31,4102,171
M061-24,6,和睦站,955.31,4101,223
M061-23,6,和睦站,963.31,4101,268
M061-22,6,和睦站,971.31,4100,213
M061-21,6,和睦站,979.31,4101,180
M061-20,6,和睦站,987.31,4101,135
M061-19,6,和睦站,994.71,4102,90
M061-18,6,和睦站,1003.31,4102,46
M061-17,6,和睦站,1011.31,4102,-3
M061-16,6,和睦站,1019.36,4100,-60
M061-15,6,和睦站,1026.96,4103,-105
M061-14,6,和睦站,1035.31,4101,-148
M061-13,6,和睦站,1043.81,4101,-202
M061-12,6,和睦站,1051.66,4102,-255
M061-11,6,和睦站,1059.31,4101,-291
M061-10,6,和睦站,1067.31,4102,-245
M061-09,6,和睦站,1075.46,4102,-193
M061-08,6,和睦站,1083.31,4103,-147
M061-07,6,和睦站,1091.31,4101,-104
M061-06,5,和睦站,6.05,4102,-54
M061-05,5,和睦站,14.5,4103,0
M061-04,5,和睦站,22.5,4103,48
M061-03,5,和睦站,30.5,4103,91
M059-28,5,北大桥-和睦,35.9,4106,-148
M061-02,5,和睦站,36.9,4103,140
M059-27,5,北大桥-和睦,37.9,4101,-135
M061-01,5,和睦站,38.9,4106,155
M059-26,5,北大桥-和睦,43.9,4102,-90
M059-25,5,北大桥-和睦,49.9,4101,-32
M059-24,5,北大桥-和睦,55.9,4099,18
M059-23,5,北大桥-和睦,62.9,4100,79
M059-22,5,北大桥-和睦,69.9,4100,150
M059-21,5,北大桥-和睦,77.06,4101,198
M059-20,5,北大桥-和睦,85.06,4099,271
M059-19,5,北大桥-和睦,93.06,4099,248
M059-18,5,北大桥-和睦,101.06,4102,192
M059-17,5,北大桥-和睦,109.06,4102,141
M059-16,5,北大桥-和睦,117.06,4101,101
M059-15,5,北大桥-和睦,125.06,4102,42
M059-14,5,北大桥-和睦,133.06,4101,5
M059-13,5,北大桥-和睦,141.06,4099,-63
M059-12,5,北大桥-和睦,149.06,4100,-102
M059-11,5,北大桥-和睦,157.06,4100,-159
M059-10,5,北大桥-和睦,165.06,4101,-200
M059-09,5,北大桥-和睦,173.06,4099,-232
M059-08,5,北大桥-和睦,181.06,4103,-282
M059-07,5,北大桥-和睦,189.06,4101,-197
M059-06,5,北大桥-和睦,197.06,4102,-107
M059-05,5,北大桥-和睦,204.06,4100,-69
M059-04,5,北大桥-和睦,211.06,4102,8
M059-03,5,北大桥-和睦,217.06,4102,48
M057-18,5,北大桥-和睦,222.06,4103,-149
M059-02,5,北大桥-和睦,223.06,4101,154
M057-17,5,北大桥-和睦,224.06,4100,-136
M059-01,5,北大桥-和睦,225.06,4102,153
M057-16,5,北大桥-和睦,230.06,4102,-107
M057-15,5,北大桥-和睦,237.06,4102,-38
M057-14,5,北大桥-和睦,245.06,4102,10
M057-13,5,北大桥-和睦,253.06,4102,50
M057-12,5,北大桥-和睦,261.06,4103,99
M057-11,5,北大桥-和睦,269.06,4101,168
M057-10,5,北大桥-和睦,277.06,4101,217
M057-09,5,北大桥-和睦,285.06,4105,263
M057-08,5,北大桥-和睦,293.06,4102,221
M057-07,5,北大桥-和睦,301.06,4100,149
M057-06,5,北大桥-和睦,309.06,4103,77
M057-05,5,北大桥-和睦,317.06,4102,39
M057-04,5,北大桥-和睦,325.06,4099,-28
M057-03,5,北大桥-和睦,333.06,4100,-83
M055-33,5,北大桥-和睦,338.46,4106,159
M057-02,5,北大桥-和睦,339.46,4102,-140
M055-32,5,北大桥-和睦,340.46,4102,138
M057-01,5,北大桥-和睦,341.46,4105,-150
M055-31,5,北大桥-和睦,346.46,4101,87
M055-30,5,北大桥-和睦,353.46,4101,49
M055-29,5,北大桥-和睦,361.46,4101,0
M055-28,5,北大桥-和睦,369.46,4101,-37
M055-27,5,北大桥-和睦,377.46,4102,-87
M055-26,5,北大桥-和睦,385.46,4100,-136
M055-25,5,北大桥-和睦,393.46,4102,-177
M055-24,5,北大桥-和睦,401.46,4101,-238
M055-23,5,北大桥-和睦,409.46,4103,-274
M055-22,5,北大桥-和睦,417.46,4101,-246
M055-21,5,北大桥-和睦,425.46,4100,-195
M055-20,5,北大桥-和睦,433.46,4103,-145
M055-19,5,北大桥-和睦,441.46,4100,-93
M055-18,5,北大桥-和睦,449.46,4100,-53
M055-17,5,北大桥-和睦,457.46,4101,-4
M055-16,5,北大桥-和睦,465.46,4100,40
M055-15,5,北大桥-和睦,473.46,4102,75
M055-14,5,北大桥-和睦,481.46,4103,135
M055-13,5,北大桥-和睦,489.46,4102,182
M055-12,5,北大桥-和睦,497.46,4102,233
M055-11,5,北大桥-和睦,505.46,4102,256
M055-10,5,北大桥-和睦,513.46,4100,223
M055-09,5,北大桥-和睦,521.46,4101,130
M055-08,5,北大桥-和睦,529.46,4100,139
M055-07,5,北大桥-和睦,537.46,4103,94
M055-06,5,北大桥-和睦,545.46,4103,24
M055-05,5,北大桥-和睦,553.46,4104,-22
M055-04,5,北大桥-和睦,561.46,4099,-53
M055-03,5,北大桥-和睦,569.46,4101,-105
M053-33,5,北大桥-和睦,574.86,4106,143
M055-02,5,北大桥-和睦,575.86,4102,-143
M053-32,5,北大桥-和睦,576.86,4103,138
M055-01,5,北大桥-和睦,577.86,4107,-159
M053-31,5,北大桥-和睦,582.86,4101,57
M053-30,5,北大桥-和睦,589.86,4100,51
M053-29,5,北大桥-和睦,597.86,4101,6
M053-28,5,北大桥-和睦,605.86,4101,-47
M053-27,5,北大桥-和睦,613.86,4099,-95
M053-26,5,北大桥-和睦,621.86,4100,-142
M053-25,5,北大桥-和睦,629.86,4102,-190
M053-24,5,北大桥-和睦,637.86,4101,-234
M053-23,5,北大桥-和睦,645.86,4102,-281
M053-22,5,北大桥-和睦,653.86,4101,-239
M053-21,5,北大桥-和睦,661.86,4101,-193
M053-20,5,北大桥-和睦,669.86,4103,-145
M053-19,5,北大桥-和睦,677.86,4102,-89
M053-18,5,北大桥-和睦,685.86,4100,-48
M053-17,5,北大桥-和睦,693.86,4103,8
M053-16,5,北大桥-和睦,701.86,4101,43
M053-15,5,北大桥-和睦,709.86,4103,90
M053-14,5,北大桥-和睦,717.86,4103,142
M053-13,5,北大桥-和睦,725.86,4101,189
M053-12,5,北大桥-和睦,733.86,4102,236
M053-11,5,北大桥-和睦,741.86,4101,277
M053-10,5,北大桥-和睦,749.86,4101,232
M053-09,5,北大桥-和睦,757.86,4103,177
M053-08,5,北大桥-和睦,765.86,4102,139
M053-07,5,北大桥-和睦,773.86,4102,83
M053-06,5,北大桥-和睦,781.86,4101,41
M053-05,5,北大桥-和睦,789.86,4100,-10
M053-04,5,北大桥-和睦,797.86,4102,-55
M053-03,5,北大桥-和睦,805.86,4102,-101
M051-33,5,北大桥-和睦,811.26,4105,146
M053-02,5,北大桥-和睦,812.26,4103,-142
M051-32,5,北大桥-和睦,813.26,4102,131
M053-01,5,北大桥-和睦,814.26,4107,-155
M051-31,5,北大桥-和睦,819.26,4102,93
M051-30,5,北大桥-和睦,826.26,4102,60
M051-29,5,北大桥-和睦,834.26,4101,4
M051-28,5,北大桥-和睦,842.26,4103,-44
M051-27,5,北大桥-和睦,850.26,4101,-95
M051-26,5,北大桥-和睦,858.26,4101,-140
M051-25,5,北大桥-和睦,866.26,4103,-197
M051-24,5,北大桥-和睦,874.26,4100,-235
M051-23,5,北大桥-和睦,882.26,4101,-277
M051-22,5,北大桥-和睦,890.26,4101,-236
M051-21,5,北大桥-和睦,898.26,4101,-186
M051-20,5,北大桥-和睦,906.26,4102,-144
M051-19,5,北大桥-和睦,914.26,4101,-75
M051-18,5,北大桥-和睦,922.26,4100,-52
M051-17,5,北大桥-和睦,930.26,4101,0
M051-16,5,北大桥-和睦,938.26,4101,38
M051-15,5,北大桥-和睦,946.26,4102,90
M051-14,5,北大桥-和睦,954.26,4102,135
M051-13,5,北大桥-和睦,962.26,4102,185
M051-12,5,北大桥-和睦,970.26,4103,231
M051-11,5,北大桥-和睦,978.26,4102,279
M051-10,5,北大桥-和睦,986.26,4103,235
M051-09,5,北大桥-和睦,994.26,4103,185
M051-08,5,北大桥-和睦,1002.26,4103,112
M051-07,5,北大桥-和睦,1010.26,4101,71
M051-06,5,北大桥-和睦,1018.26,4102,40
M051-05,5,北大桥-和睦,1026.26,4102,0
M051-04,5,北大桥-和睦,1034.26,4102,-54
M051-03,5,北大桥-和睦,1042.26,4101,-101
M049-29,5,北大桥站,1047.66,4107,140
M051-02,5,北大桥-和睦,1048.66,4102,-138
M049-28,5,北大桥站,1049.66,4101,126
M051-01,5,北大桥-和睦,1050.66,4106,-155
M049-27,5,北大桥站,1056.46,4103,59
M049-26,5,北大桥站,1064.46,4102,16
M049-25,5,北大桥站,1072.46,4102,-77
M049-24,5,北大桥站,1080.46,4101,-130
M049-23,5,北大桥站,1088.46,4098,-221
M049-22,5,北大桥站,1096.46,4100,-293
M049-21,5,北大桥站,1104.46,4099,-247
M049-20,5,北大桥站,1112.46,4099,-182
M049-19,5,北大桥站,1120.46,4101,-133
M049-18,5,北大桥站,1128.26,4101,-95
M049-17,5,北大桥站,1136.46,4101,-70
M049-16,5,北大桥站,1144.46,4102,-40
M049-15,5,北大桥站,1152.46,4100,19
M049-14,5,北大桥站,1160.51,4103,65
M049-13,5,北大桥站,1168.26,4102,105
M049-12,5,北大桥站,1176.26,4103,156
M049-11,5,北大桥站,1184.31,4102,188
M049-10,5,北大桥站,1191.66,4101,219
M049-09,5,北大桥站,1199.66,4101,272
M049-08,5,北大桥站,1207.66,4103,204
M049-07,4,北大桥站,4.9,4101,159
M049-06,4,北大桥站,12.9,4101,109
M049-05,4,北大桥站,20.9,4102,21
M049-04,4,北大桥站,28.4,4100,-33
M049-03,4,北大桥站,35.4,4101,-82
M047-07,4,北大桥站,39.8,4106,96
M049-02,4,北大桥站,40.8,4101,-146
M047-06,4,北大桥站,41.8,4103,100
M049-01,4,北大桥站,42.8,4107,-156
M047-05,4,北大桥站,46.8,4102,90
M047-04,4,北大桥站,52.8,4103,106
M047-03,4,北大桥站,57,4103,110
M045-17,4,翠柏路-北大桥,60,4105,-151
M047-02,4,北大桥站,61,4103,101
M045-16,4,翠柏路-北大桥,62,4102,-136
M047-01,4,北大桥站,63,4107,96
M045-15,4,翠柏路-北大桥,67.6,4102,-123
M045-14,4,翠柏路-北大桥,74.1,4102,-109
M045-13,4,翠柏路-北大桥,81.6,4099,-92
M045-12,4,翠柏路-北大桥,89.6,4099,-61
M045-11,4,翠柏路-北大桥,97.6,4100,-32
M045-10,4,翠柏路-北大桥,105.6,4099,-13
M045-09,4,翠柏路-北大桥,113.6,4099,9
M045-08,4,翠柏路-北大桥,121.6,4099,13
M045-07,4,翠柏路-北大桥,129.6,4100,50
M045-06,4,翠柏路-北大桥,137.6,4100,66
M045-05,4,翠柏路-北大桥,145.6,4099,85
M045-04,4,翠柏路-北大桥,152.6,4099,112
M045-03,4,翠柏路-北大桥,159.6,4100,126
M043-18,4,翠柏路-北大桥,164.6,4106,-178
M045-02,4,翠柏路-北大桥,165.6,4103,119
M043-17,4,翠柏路-北大桥,166.6,4100,-161
M045-01,4,翠柏路-北大桥,167.6,4105,124
M043-16,4,翠柏路-北大桥,172.6,4098,-93
M043-15,4,翠柏路-北大桥,179.6,4099,-51
M043-14,4,翠柏路-北大桥,187.6,4099,3
M043-13,4,翠柏路-北大桥,195.6,4099,75
M043-12,4,翠柏路-北大桥,203.6,4100,130
M043-11,4,翠柏路-北大桥,211.6,4100,171
M043-10,4,翠柏路-北大桥,219.6,4100,207
M043-09,4,翠柏路-北大桥,227.6,4101,274
M043-08,4,翠柏路-北大桥,235.6,4102,234
M043-07,4,翠柏路-北大桥,243.6,4102,158
M043-06,4,翠柏路-北大桥,251.6,4101,25
M043-05,4,翠柏路-北大桥,259.6,4102,18
M043-04,4,翠柏路-北大桥,267.6,4101,-24
M043-03,4,翠柏路-北大桥,275.6,4102,-93
M041-33,4,翠柏路-北大桥,281,4106,134
M043-02,4,翠柏路-北大桥,282,4101,-142
M041-32,4,翠柏路-北大桥,283,4102,137
M043-01,4,翠柏路-北大桥,284,4104,-151
M041-31,4,翠柏路-北大桥,289,4101,103
M041-30,4,翠柏路-北大桥,296,4101,60
M041-29,4,翠柏路-北大桥,304,4101,10
M041-28,4,翠柏路-北大桥,312,4101,-45
M041-27,4,翠柏路-北大桥,320,4102,-94
M041-26,4,翠柏路-北大桥,328,4102,-140
M041-25,4,翠柏路-北大桥,336,4102,-186
M041-24,4,翠柏路-北大桥,344,4098,-201
M041-23,4,翠柏路-北大桥,352,4102,-270
M041-22,4,翠柏路-北大桥,360,4101,-230
M041-21,4,翠柏路-北大桥,368,4103,-192
M041-20,4,翠柏路-北大桥,376,4102,-158
M041-19,4,翠柏路-北大桥,384,4098,-82
M041-18,4,翠柏路-北大桥,392,4102,-50
M041-17,4,翠柏路-北大桥,400,4103,-7
M041-16,4,翠柏路-北大桥,408,4103,40
M041-15,4,翠柏路-北大桥,416,4103,100
M041-14,4,翠柏路-北大桥,424,4101,145
M041-13,4,翠柏路-北大桥,432,4102,183
M041-12,4,翠柏路-北大桥,440,4100,210
M041-11,4,翠柏路-北大桥,448,4102,270
M041-10,4,翠柏路-北大桥,456,4101,235
M041-09,4,翠柏路-北大桥,464,4100,200
M041-08,4,翠柏路-北大桥,472,4101,130
M041-07,4,翠柏路-北大桥,480,4100,84
M041-06,4,翠柏路-北大桥,488,4100,32
M041-05,4,翠柏路-北大桥,496,4101,-3
M041-04,4,翠柏路-北大桥,504,4101,-49
M041-03,4,翠柏路-北大桥,512,4099,-77
M039-33,4,翠柏路-北大桥,517.4,4106,143
M041-02,4,翠柏路-北大桥,518.4,4101,-140
M039-32,4,翠柏路-北大桥,519.4,4103,133
M041-01,4,翠柏路-北大桥,520.4,4106,-152
M039-31,4,翠柏路-北大桥,525.4,4103,93
M039-30,4,翠柏路-北大桥,532.4,4103,47
M039-29,4,翠柏路-北大桥,540.4,4102,-2
M039-28,4,翠柏路-北大桥,548.4,4102,-46
M039-27,4,翠柏路-北大桥,556.4,4100,-104
M039-26,4,翠柏路-北大桥,564.4,4102,-128
M039-25,4,翠柏路-北大桥,572.4,4100,-188
M039-24,4,翠柏路-北大桥,580.4,4100,-258
M039-23,4,翠柏路-北大桥,588.4,4099,-298
M039-22,4,翠柏路-北大桥,596.4,4100,-248
M039-21,4,翠柏路-北大桥,604.4,4102,-201
M039-20,4,翠柏路-北大桥,612.4,4101,-148
M039-19,4,翠柏路-北大桥,620.4,4099,-102
M039-18,4,翠柏路-北大桥,628.4,4097,-50
M039-17,4,翠柏路-北大桥,636.4,4097,-2
M039-16,4,翠柏路-北大桥,644.4,4097,41
M039-15,4,翠柏路-北大桥,652.4,4099,104
M039-14,4,翠柏路-北大桥,660.4,4098,148
M039-13,4,翠柏路-北大桥,668.4,4098,174
M039-12,4,翠柏路-北大桥,676.4,4098,228
M039-11,4,翠柏路-北大桥,684.4,4100,252
M039-10,4,翠柏路-北大桥,692.4,4100,234
M039-09,4,翠柏路-北大桥,700.4,4101,184
M039-08,4,翠柏路-北大桥,708.4,4101,141
M039-07,4,翠柏路-北大桥,716.4,4101,87
M039-06,4,翠柏路-北大桥,724.4,4100,49
M039-05,4,翠柏路-北大桥,732.4,4099,-7
M039-04,4,翠柏路-北大桥,740.4,4100,-53
M039-03,4,翠柏路-北大桥,748.4,4099,-102
M037-33,4,翠柏路-北大桥,753.8,4106,149
M039-02,4,翠柏路-北大桥,754.8,4101,-141
M037-32,4,翠柏路-北大桥,755.8,4102,145
M039-01,4,翠柏路-北大桥,756.8,4105,-151
M037-31,4,翠柏路-北大桥,761.8,4100,103
M037-30,4,翠柏路-北大桥,768.8,4100,59
M037-29,4,翠柏路-北大桥,776.8,4100,6
M037-28,4,翠柏路-北大桥,784.8,4100,-51
M037-27,4,翠柏路-北大桥,792.8,4100,-90
M037-26,4,翠柏路-北大桥,800.8,4099,-150
M037-25,4,翠柏路-北大桥,808.8,4101,-192
M037-24,4,翠柏路-北大桥,816.8,4098,-249
M037-23,4,翠柏路-北大桥,824.8,4099,-273
M037-22,4,翠柏路-北大桥,832.8,4098,-226
M037-21,4,翠柏路-北大桥,840.8,4098,-178
M037-20,4,翠柏路-北大桥,848.8,4098,-144
M037-19,4,翠柏路-北大桥,856.8,4100,-91
M037-18,4,翠柏路-北大桥,864.8,4102,-49
M037-17,4,翠柏路-北大桥,872.8,4102,11
M037-16,4,翠柏路-北大桥,880.8,4103,45
M037-15,4,翠柏路-北大桥,888.8,4102,95
M037-14,4,翠柏路-北大桥,896.8,4101,142
M037-13,4,翠柏路-北大桥,904.8,4102,192
M037-12,4,翠柏路-北大桥,912.8,4101,231
M037-11,4,翠柏路-北大桥,920.8,4101,276
M037-10,4,翠柏路-北大桥,928.8,4102,242
M037-09,4,翠柏路-北大桥,936.8,4102,196
M037-08,4,翠柏路-北大桥,944.8,4102,136
M037-07,4,翠柏路-北大桥,952.8,4102,88
M037-06,4,翠柏路-北大桥,960.8,4102,46
M037-05,4,翠柏路-北大桥,968.8,4099,-18
M037-04,4,翠柏路-北大桥,976.8,4101,-53
M037-03,4,翠柏路-北大桥,984.8,4102,-101
M035-33,4,翠柏路-北大桥,990.2,4105,149
M037-02,4,翠柏路-北大桥,991.2,4100,-142
M035-32,4,翠柏路-北大桥,992.2,4101,132
M037-01,4,翠柏路-北大桥,993.2,4105,-145
M035-31,4,翠柏路-北大桥,998.2,4099,106
M035-30,4,翠柏路-北大桥,1005.2,4099,62
M035-29,4,翠柏路-北大桥,1013.2,4096,10
M035-28,4,翠柏路-北大桥,1021.2,4099,-35
M035-27,4,翠柏路-北大桥,1029.2,4099,-88
M035-26,4,翠柏路-北大桥,1037.2,4098,-137
M035-25,4,翠柏路-北大桥,1045.2,4099,-191
M035-24,4,翠柏路-北大桥,1053.2,4098,-239
M035-23,4,翠柏路-北大桥,1061.2,4098,-270
M035-22,4,翠柏路-北大桥,1069.2,4098,-234
M035-21,4,翠柏路-北大桥,1077.2,4098,-190
M035-20,4,翠柏路-北大桥,1085.2,4098,-151
M035-19,4,翠柏路-北大桥,1093.2,4098,-95
M035-18,4,翠柏路-北大桥,1101.2,4098,-47
M035-17,4,翠柏路-北大桥,1109.2,4101,9
M035-16,4,翠柏路-北大桥,1117.2,4100,55
M035-15,4,翠柏路-北大桥,1125.2,4099,99
M035-14,4,翠柏路-北大桥,1133.2,4098,142
M035-13,4,翠柏路-北大桥,1141.2,4100,196
M035-12,4,翠柏路-北大桥,1149.2,4099,238
M035-11,4,翠柏路-北大桥,1157.2,4099,274
M035-10,4,翠柏路-北大桥,1165.2,4098,241
M035-09,4,翠柏路-北大桥,1173.2,4099,197
M035-08,4,翠柏路-北大桥,1181.2,4098,148
M035-07,4,翠柏路-北大桥,1189.2,4098,90
M035-06,4,翠柏路-北大桥,1197.2,4097,36
M035-05,4,翠柏路-北大桥,1205.2,4099,3
M035-04,4,翠柏路-北大桥,1213.2,4099,-57
M035-03,4,翠柏路-北大桥,1221.2,4099,-95
M033-33,4,翠柏路-北大桥,1226.6,4107,158
M035-02,4,翠柏路-北大桥,1227.6,4101,-132
M033-32,4,翠柏路-北大桥,1228.6,4099,148
M035-01,4,翠柏路-北大桥,1229.6,4106,-153
M033-31,4,翠柏路-北大桥,1234.6,4098,104
M033-30,4,翠柏路-北大桥,1241.6,4100,67
M033-29,4,翠柏路-北大桥,1249.6,4098,18
M033-28,4,翠柏路-北大桥,1257.6,4098,-39
M033-27,4,翠柏路-北大桥,1265.6,4100,-72
M033-26,4,翠柏路-北大桥,1273.6,4098,-131
M033-25,4,翠柏路-北大桥,1281.6,4099,-178
M033-24,4,翠柏路-北大桥,1289.6,4098,-220
M033-23,4,翠柏路-北大桥,1297.6,4099,-277
M033-22,4,翠柏路-北大桥,1305.6,4099,-233
M033-21,4,翠柏路-北大桥,1313.6,4098,-192
M033-20,4,翠柏路-北大桥,1321.6,4098,-135
M033-19,4,翠柏路-北大桥,1329.6,4099,-91
M033-18,4,翠柏路-北大桥,1337.6,4098,-46
M033-17,4,翠柏路-北大桥,1345.6,4099,-2
M033-16,4,翠柏路-北大桥,1353.6,4099,40
M033-15,4,翠柏路-北大桥,1361.6,4098,98
M033-14,4,翠柏路-北大桥,1369.6,4099,144
M033-13,4,翠柏路-北大桥,1377.6,4098,191
M033-12,4,翠柏路-北大桥,1385.6,4098,231
M033-11,4,翠柏路-北大桥,1393.6,4097,280
M033-10,4,翠柏路-北大桥,1401.6,4098,220
M033-09,4,翠柏路-北大桥,1409.6,4098,187
M033-08,4,翠柏路-北大桥,1417.6,4098,127
M033-07,4,翠柏路-北大桥,1425.6,4098,96
M033-06,4,翠柏路-北大桥,1433.6,4098,47
M033-05,4,翠柏路-北大桥,1441.6,4098,-6
M033-04,4,翠柏路-北大桥,1449.6,4098,-51
M033-03,4,翠柏路-北大桥,1457.6,4101,-93
M031-07,4,翠柏路站,1463,4106,101
M033-02,4,翠柏路-北大桥,1464,4100,-152
M031-06,4,翠柏路站,1465,4100,102
M033-01,4,翠柏路-北大桥,1466,4105,-150
M031-05,4,翠柏路站,1471,4099,99
M031-04,4,翠柏路站,1478,4099,100
M031-03,4,翠柏路站,1484,4097,100
M029-21,4,翠柏路站,1488.5,4104,-151
M031-02,4,翠柏路站,1489.5,4097,132
M029-20,4,翠柏路站,1490.5,4097,-136
M031-01,4,翠柏路站,1491.5,4105,146
M029-19,4,翠柏路站,1497.27,4099,-92
M029-18,4,翠柏路站,1505.27,4099,-42
M029-17,4,翠柏路站,1513.37,4097,10
M029-16,4,翠柏路站,1520.67,4100,42
M029-15,4,翠柏路站,1528.67,4104,86
M029-14,4,翠柏路站,1536.52,4103,138
M029-13,4,翠柏路站,1544.47,4099,178
M029-12,4,翠柏路站,1552.67,4098,240
M029-11,4,翠柏路站,1560.77,4100,279
M029-10,4,翠柏路站,1568.42,4098,229
M029-09,4,翠柏路站,1576.67,4098,182
M029-08,4,翠柏路站,1584.67,4097,135
M029-07,4,翠柏路站,1592.67,4098,79
